Sys-ID,Chip ID,Date,Cell Type,Num Spikes,Real,Random,Real with Stim,Time Bin Accuracy Holdout over Trials,Time Bin Accuracy Holdout over Time,Real One Shot,Time Bin Random,Random with Stim,Biased Decoder,Biased Decoder Random
sys-000,MCS_1_43609_00001,2024-11-21_00-00-10.230383,Organoid,469,0.353,0.123,0.580,0.120,0.140,0.272,0.099,0.120,0.102,0.100
sys-015,MCS_1_42708_00001,2024-11-21_00-02-42.941991,Organoid (Hippo),11016,0.393,0.123,0.680,0.100,0.120,0.304,0.098,0.121,0.092,0.094
sys-003,MCS_1_42737_00001,2024-12-11_04-44-32.608480,PDMS,66032,0.390,0.122,0.642,0.220,0.200,0.276,0.106,0.122,0.247,0.117
sys-018,MCS_1_43489_00001,2024-12-11_01-38-49.647746,Monolayer (Hippo),8440,0.423,0.123,0.639,0.060,0.200,0.310,0.100,0.121,0.122,0.111
sys-002,MCS_1_43593_00002,2025-03-12_20-59-56.318521,PDMS,7476,0.591,0.101,0.785,0.200,0.183,0.319,0.103,0.099,0.144,0.105
sys-007,MCS_1_43616_00001,2024-11-21_00-01-30.369244,Organoid,1306,0.348,0.121,0.616,0.040,0.140,0.290,0.100,0.122,0.104,0.099
sys-015,MCS_1_42463_00001,2024-12-12_04-33-53.506075,PDMS,21427,0.416,0.123,0.662,0.160,0.280,0.313,0.072,0.123,0.173,0.105
sys-003,MCS_1_42758_00001,2024-11-20_23-59-48.596832,Organoid,1141,0.308,0.121,0.656,0.160,0.140,0.248,0.095,0.121,0.094,0.098
sys-019,MCS_1_43456_00001,2024-11-20_04-39-04.725702,Monolayer,4448,0.401,0.123,0.601,0.120,0.180,0.300,0.085,0.120,0.102,0.099
sys-018,MCS_1_43489_00001,2024-12-12_01-31-15.407520,Monolayer (Hippo),6048,0.421,0.123,0.625,0.140,0.220,0.306,0.105,0.123,0.107,0.097
sys-013,MCS_1_45214_00002,2025-03-12_21-00-01.954135,PDMS,9159,0.667,0.100,0.772,0.183,0.317,0.367,0.114,0.104,0.349,0.113
sys-017,MCS_1_43615_00001,2024-11-21_00-04-33.504976,Organoid (Hippo),17119,0.347,0.120,0.615,0.080,0.220,0.257,0.101,0.123,0.281,0.110
sys-019,MCS_1_45207_00002,2025-03-12_20-59-39.314134,PDMS,201754,0.408,0.101,0.581,0.217,0.133,0.241,0.114,0.103,0.304,0.116
sys-018,MCS_1_43489_00001,2024-12-13_02-55-43.811854,Monolayer (Hippo),14582,0.442,0.121,0.642,0.060,0.100,0.316,0.101,0.122,0.154,0.081
sys-009,MCS_1_43604_00001,2024-11-21_00-02-06.150507,Organoid (Hippo),2843,0.381,0.122,0.593,0.160,0.280,0.284,0.096,0.122,0.209,0.102
sys-017,MCS_1_42703_00001,2024-12-12_23-51-28.142309,PDMS,5319,0.428,0.123,0.555,0.120,0.320,0.289,0.100,0.121,0.316,0.131
sys-015,MCS_1_42463_00001,2024-12-12_23-51-02.609586,PDMS,33532,0.445,0.120,0.631,0.060,0.220,0.331,0.085,0.120,0.180,0.104
sys-009,MCS_1_43457_00001,2024-11-21_03-47-14.005421,PDMS,19378,0.362,0.124,0.648,0.240,0.580,0.291,0.109,0.122,0.672,0.134
sys-018,MCS_1_42461_00001,2024-12-11_03-28-21.566734,Monolayer (Hippo),28229,0.350,0.122,0.605,0.060,0.400,0.281,0.107,0.123,0.370,0.156
sys-015,MCS_1_42463_00001,2024-12-11_04-43-40.281672,PDMS,18974,0.426,0.123,0.663,0.190,0.200,0.320,0.101,0.123,0.163,0.107
sys-009,MCS_1_43457_00001,2024-11-20_04-36-41.955970,PDMS,14588,0.422,0.123,0.630,0.080,0.400,0.317,0.112,0.121,0.407,0.134
sys-017,MCS_1_42714_00001,2024-11-21_03-46-09.853937,PDMS,171016,0.390,0.123,0.625,0.300,0.460,0.271,0.096,0.122,0.386,0.102
sys-019,MCS_1_43456_00001,2024-11-21_03-47-41.073487,Monolayer,2184,0.410,0.123,0.590,0.120,0.300,0.306,0.108,0.123,0.163,0.102
sys-018,MCS_1_43489_00001,2024-12-10_01-27-15.371633,Monolayer (Hippo),10295,0.401,0.122,0.615,0.060,0.060,0.301,0.092,0.120,0.120,0.103
sys-014,MCS_1_44246_00002,2025-03-13_04-13-17.932574,PDMS,13336,0.598,0.099,0.827,0.167,0.417,0.335,0.116,0.101,0.480,0.105
sys-017,MCS_1_42714_00001,2024-11-20_04-38-39.958515,PDMS,175959,0.401,0.122,0.658,0.200,0.400,0.264,0.112,0.121,0.305,0.137
sys-017,MCS_1_42703_00001,2024-12-12_04-34-17.280002,PDMS,5045,0.393,0.122,0.533,0.100,0.300,0.275,0.093,0.122,0.313,0.123
sys-018,MCS_1_42461_00001,2024-12-10_02-57-50.704492,Monolayer (Hippo),45473,0.338,0.124,0.629,0.040,0.520,0.293,0.102,0.124,0.403,0.128
sys-017,MCS_1_42703_00001,2024-12-11_04-44-07.464339,PDMS,4526,0.374,0.123,0.537,0.100,0.300,0.269,0.108,0.121,0.259,0.125
sys-018,MCS_1_42461_00001,2024-12-13_01-48-10.878192,Monolayer (Hippo),38380,0.364,0.123,0.620,0.180,0.740,0.294,0.101,0.121,0.554,0.137
sys-018,MCS_1_43487_00001,2024-11-23_05-34-50.808631,Organoid (Hippo),25210,0.434,0.124,0.649,0.120,0.320,0.312,0.085,0.123,0.414,0.131
sys-018,MCS_1_43487_00001,2024-11-21_00-04-55.341447,Organoid (Hippo),29040,0.338,0.122,0.637,0.180,0.480,0.278,0.093,0.123,0.380,0.134
sys-018,MCS_1_42461_00001,2024-12-12_03-26-57.546336,Monolayer (Hippo),37727,0.332,0.123,0.602,0.140,0.760,0.278,0.099,0.124,0.702,0.179
sys-019,MCS_1_43492_00001,2024-12-11_03-27-56.407557,PDMS (Hippo),151764,0.179,0.119,0.411,0.100,0.740,0.155,0.129,0.119,0.724,0.212
sys-015,MCS_1_42745_00001,2024-11-20_04-38-13.967483,PDMS,350857,0.455,0.122,0.582,0.300,0.720,0.324,0.115,0.120,0.661,0.119
sys-015,MCS_1_42745_00001,2024-11-21_03-45-32.241478,PDMS,356222,0.465,0.121,0.580,0.260,0.720,0.338,0.101,0.122,0.694,0.107
sys-019,MCS_1_43492_00001,2024-12-10_02-57-24.791889,PDMS (Hippo),407471,0.383,0.122,0.632,0.160,0.840,0.273,0.113,0.122,0.910,0.189
sys-019,MCS_1_43492_00001,2024-12-13_01-47-35.730082,PDMS (Hippo),492074,0.382,0.124,0.600,0.160,1.000,0.337,0.168,0.122,0.953,0.989
sys-017,MCS_1_40327_00001,2024-11-22_03-13-37.425942,PDMS,274250,0.389,0.121,0.633,0.280,0.600,0.295,0.105,0.122,0.411,0.126
sys-019,MCS_1_43492_00001,2024-12-12_03-26-33.229799,PDMS (Hippo),383128,0.410,0.120,0.624,0.080,0.980,0.310,0.124,0.122,0.957,0.855
sys-003,MCS_1_44243_00002,2025-03-13_04-14-05.997067,PDMS,16635,0.536,0.101,0.825,0.260,0.927,0.327,0.200,0.101,0.345,0.126
sys-003,MCS_1_44975_00002,2025-03-12_20-59-28.976212,PDMS,70443,0.596,0.102,0.825,0.250,0.950,0.317,0.108,0.101,0.988,0.188
sys-018,MCS_1_42745_00001,2024-11-19,PDMS,402604,0.439,0.123,0.778,0.217,0.917,0.324,0.088,0.123,0.876,0.139
sys-018,MCS_1_45211_00002,2025-03-12_20-59-45.689992,PDMS (Hippo),383128,0.341,0.102,0.652,0.340,0.820,0.188,0.102,0.101,0.931,1.000
sys-017,MCS_1_42713_00002,2025-03-12_20-59-20.784454,PDMS,108135,0.588,0.100,0.810,0.330,0.960,0.342,0.121,0.103,0.191,0.113
sys-007,MCS_1_42701_00002,2025-03-13_04-15-53.028138,PDMS,19984,0.604,0.100,0.840,0.350,0.980,0.332,0.094,0.100,0.098,0.118
sdk-1,CL_SDK,2026-09-04,SDK Random Spikes,76112,0.091,0.101,0.085,0.102,0.070,0.091,0.070,0.101,0.100,0.099
sdk-1,CL_SDK,2026-09-04,SDK Random Spikes,76784,0.093,0.100,0.088,0.099,0.050,0.093,0.073,0.100,0.100,0.098
sdk-1,CL_SDK,2026-09-04,SDK Random Spikes,140992,0.106,0.106,0.106,0.101,0.040,0.106,0.070,0.106,0.102,0.100
sys-003,MCS_1_11111_00002,2025-03-16_06-55-43.252075,Saline,NA,0.113,0.100,0.486,0.110,0.070,0.113,0.100,0.100,0.099,0.100
sys-018,MCS_1_11111_00002,2025-03-16_06-56-05.179111,Saline,NA,0.127,0.100,0.444,0.095,0.093,0.127,0.100,0.099,0.100,0.100
sys-009,MCS_1_11111_00002,2025-03-16_06-55-50.905995,Saline,NA,0.103,0.100,0.412,0.103,0.101,0.103,0.100,0.100,0.100,0.099
